title,url,website
"A Guide to Winter Squash: How to Choose, Store, and Cook Your ...1500 × 1125 ",https://encrypted-tbn0.gstatic.com/images?q=tbn:ANd9GcSGPtKbbsIaZq9xgFhuCFPkK-stdFIxAo82Psj17jpegJ3p7xWxgtt2uO05,www.seriouseats.com
8 Delicious Types of Squash1155 × 648 ,https://encrypted-tbn0.gstatic.com/images?q=tbn:ANd9GcS29qgyxPkQGwhqmWWEKvWBF2YHzEv7G1-6t_sE31D7rXIemBFu99b93BQ,www.healthline.com
Summer Squash Caviar ,https://encrypted-tbn0.gstatic.com/images?q=tbn:ANd9GcTSU2ylchMUjcVOytkcZEnA_CtShv8FVfIMM66PL556VPZz-UxCFLtqsNg,golubkakitchen.com
"Baked Whole Butternut Squash Recipe, Whats Cooking America350 × 215 ",https://encrypted-tbn0.gstatic.com/images?q=tbn:ANd9GcS03OplrVsYNwSTlwIF4UJNxAdQyi-kM5zIRBqKYc_FIXBLS8MTir0qJPc,whatscookingamerica.net
8 Delicious Types of Squash1155 × 648 ,https://encrypted-tbn0.gstatic.com/images?q=tbn:ANd9GcSjPdtgjSLYI__OpeS8KFnOLlRyF_uqm32PsUDW9mon24GkNO-T8LtFFIk,www.healthline.com
"A Guide to Winter Squash: How to Choose, Store, and Cook Your ...1500 × 1125 ",https://encrypted-tbn0.gstatic.com/images?q=tbn:ANd9GcR17UHLy1X7SWMTtAdaCppNrefdsnyUfmLqHzog9g1I1jr2cq6zHG82IYA,www.seriouseats.com
"Winter Squash Guide | Co+op, stronger together715 × 477 ",https://encrypted-tbn0.gstatic.com/images?q=tbn:ANd9GcQBVtP1YVwiVg2pqqpec56bGh66Pa2jj76CdfvynYWsXad9edZAuepcVqg,www.strongertogether.coop
Lemony Summer Squash Orecchiette Recipe ,https://encrypted-tbn0.gstatic.com/images?q=tbn:ANd9GcTxsNlf3wQ2311Ibf-fPQzpWkSDh7_a5uXUuREwlljazjg4089168h6ANVm,www.loveandlemons.com
Is Squash a Fruit or Vegetable?1155 × 648 ,https://encrypted-tbn0.gstatic.com/images?q=tbn:ANd9GcShP7su6SpKVIJtD4oMv65Kq7b1FIdMPg6NnDlQZxQEqHILe0CxnIuriHmO,www.healthline.com
Stuffed Buttercup Squash – Les Petits Fruits de Pres,https://encrypted-tbn0.gstatic.com/images?q=tbn:ANd9GcSduMzSlKlHog69zI56fdUa7L4WgY1UlCjiWqA-FO_t2c8hTmFH_Eo9oraPBQ,lespetitsfruits.ca
How to Cook Spaghetti Squash ,https://encrypted-tbn0.gstatic.com/images?q=tbn:ANd9GcT6QWi1hXsAJ7rJojC7nyKP9zAPQoh1ldkpv7atvq1q3nNpII-85Km1UvLR,www.loveandlemons.com
12 Types Of Squash And How To Cook Them2121 × 1414 ,https://encrypted-tbn0.gstatic.com/images?q=tbn:ANd9GcQ7yP-va5_1MFgcTAFm_eV-M6EBy1AZK09FPmKK-TYxV36lgRJk9o79URZ9,www.delish.com
How to Make Butternut Squash Puree ,https://encrypted-tbn0.gstatic.com/images?q=tbn:ANd9GcTaMSI5lIm4E8Hb2otrGe_IfmgNDWefMJYtB9K0b6zckuTIUmf2z-WWo0g,juliasalbum.com
Baked Acorn Squash {With Brown Sugar} | SimplyRecipes.com1200 × 778 ,https://encrypted-tbn0.gstatic.com/images?q=tbn:ANd9GcTVNeeqhIDN7ETblyy-KUPJRP_ch0_I7XIeeGaH7AyLryVXb-vy1NDLC84,www.simplyrecipes.com
"How to peel, prep and cook all the winter squash this season ",https://encrypted-tbn0.gstatic.com/images?q=tbn:ANd9GcTa7tUWBbJrDcj7lg_zItKZhM6flZX-0d9_yGK9b9dnKzg-VKgV7Wwra3XT,www.washingtonpost.com
"Squash, Burpee's Best Hybrid ",https://encrypted-tbn0.gstatic.com/images?q=tbn:ANd9GcRZZ_90F6ic2eWZu5dFYWvWvFe4JsxvYzQ9GcvQLmjMkmx23UDiNvPNasc,www.burpee.com
Easy Cheesy Southern Squash Casserole Recipe • Loaves and Dishes760 × 841 ,https://encrypted-tbn0.gstatic.com/images?q=tbn:ANd9GcQW-OPaqHIjFSmAgFxv59XaSG9uQ1dFAUfuo5iAl4yYkKjrjjOrIwjyBWs_,www.loavesanddishes.net
Magda Squash ,https://encrypted-tbn0.gstatic.com/images?q=tbn:ANd9GcTE4gJkVJ6eiMfH18sJSHgGqsxoD76IT6iCQKsT8y4MHfFcVlKxFrLDTGDz,www.veseys.com
How To Cut Butternut Squash | Gimme Some Oven660 × 990 ,https://encrypted-tbn0.gstatic.com/images?q=tbn:ANd9GcRLbotcEIvOixAHRJOvnFsKAwBg2ZGI2o53lOh6R_e7aMLhs_adQ9WTtDU,www.gimmesomeoven.com
"Squash, Summer, Golden Goose Hybrid ",https://encrypted-tbn0.gstatic.com/images?q=tbn:ANd9GcQX5azG-PMF9-boNQFDzzU3GIvuLKKCmgkxb2nRc2y4MEGeywGt4rmQR54,www.burpee.com
How to Cook Broccoli (5 Easy Methods) ,https://encrypted-tbn0.gstatic.com/images?q=tbn:ANd9GcQXE3oJ2K3L0C8nGT4zd3TnclSZQAh1dj5BiX4TZEsUI0MjDL-lFbKT3TY7HQ,www.jessicagavin.com
How To Cut Broccoli | Gimme Some Oven1320 × 1980 ,https://encrypted-tbn0.gstatic.com/images?q=tbn:ANd9GcQLV8c_Uk8dEKNXBgaUmTeeNjqB5yegHiIlRFm1v1jpLXD0vDn8Euem4fpK,www.gimmesomeoven.com
"Broccoli: Health benefits, nutritional information256 × 192 ",https://encrypted-tbn0.gstatic.com/images?q=tbn:ANd9GcRee-gsJ3PXpXv2weND7gWub42skoXd6ffM2lAVYfwPLHlncM9TFi7w7Q,www.medicalnewstoday.com
Tasty Steamed Broccoli | Recipes | Cook for Your Life696 × 520 ,https://encrypted-tbn0.gstatic.com/images?q=tbn:ANd9GcRRQ8PDFsn15iemAEQSGRqIzeMY2bPXQwUlQiR-dnIegYKtYD_h7dh2RKcC,www.cookforyourlife.org
Broccoli ,https://encrypted-tbn0.gstatic.com/images?q=tbn:ANd9GcQ8APSBQgQ4M3ecz8n503-DW6q5oNYzeYhTaIFL3SWUS9vSsW1yOEVe_m7t,en.wikipedia.org
Easy Two,https://encrypted-tbn0.gstatic.com/images?q=tbn:ANd9GcTEzHNkyoYT2hxAV7KkbZKJ1W_MUQ2WbuldDjP1G4Wb8Q7k7M8OcfLVftiH,www.thespruceeats.com
"How To Cook Broccoli, 5 Ways | Kitchn1500 × 1500 ",https://encrypted-tbn0.gstatic.com/images?q=tbn:ANd9GcSDv234P81kG0cGUW4h3g_CmCnwSjq0zUBv3UAJNK5o-XuA1CwQrzdFhPYW2Q,www.thekitchn.com
"Broccoli: Health benefits, nutritional information700 × 466 ",https://encrypted-tbn0.gstatic.com/images?q=tbn:ANd9GcQOfJGH-ORIum_6RunmOGD1NrdcWf59NTJlrwebN_p0jkliker0MgzhqeBA,www.medicalnewstoday.com
Vegetable of the month: Broccoli ,https://encrypted-tbn0.gstatic.com/images?q=tbn:ANd9GcQEPrQkxULTKyVcSSvQioEiLsrziAgsPfxLTCCpHBbkRMLLZyVNH-txMpGx,www.health.harvard.edu
The health benefits of broccoli | BBC Good Food700 × 350 ,https://encrypted-tbn0.gstatic.com/images?q=tbn:ANd9GcT1PV6V7o4F8vvNftW9Gj7Wc1j9jAjVefPCiqVWG5m3qFrISn3DNci9Slg,www.bbcgoodfood.com
Jamie Oliver's broccoli with Asian dressing recipe ,https://encrypted-tbn0.gstatic.com/images?q=tbn:ANd9GcTOjVjxBUBdA4yMWGN29JZ4YP4IQ7sT2y-nmm128Ddjhh4L0nhDsbMl7c8w,www.chatelaine.com
Parmesan Roasted Broccoli ,https://encrypted-tbn0.gstatic.com/images?q=tbn:ANd9GcRaVxaONWTA0668m_Lqkb3WCLMi7IMR0I7kaAJ1P9OHGeSqyVhwWdiJ_qre,www.dinneratthezoo.com
Garlic Broccoli Stir Fry ,https://encrypted-tbn0.gstatic.com/images?q=tbn:ANd9GcR1G5YG3qPGlp8bSX7a5EnhCx7PCaNEYk4hm9zQ7H-MVpMQeL3mzi4n9Ew,kirbiecravings.com
How to Steam Broccoli in a Rice Cooker720 × 405 ,https://encrypted-tbn0.gstatic.com/images?q=tbn:ANd9GcTdQD7ltqZLhbHpXBDIWn4bxa7viexMIx2KKT83mdp6nQ0op1me-pfkGjBf,www.southernkissed.com
The BEST Roasted Broccoli Recipe | Gimme Some Oven1392 × 2088 ,https://encrypted-tbn0.gstatic.com/images?q=tbn:ANd9GcRfan86LB-yLQc0Lu6oKIleLeNkeRD1woqz-BHZzXwITuOkTWj-HtWn4GLC,www.gimmesomeoven.com
How to Steam Broccoli Perfectly Every Time | SimplyRecipes.com2000 × 1333 ,https://encrypted-tbn0.gstatic.com/images?q=tbn:ANd9GcR63jdZW0HvvAFt58-XMXf4qha4sQkxGy0UbiNyIKbMveS7x-EagdizKtJs,www.simplyrecipes.com
Broccoli | Produce Market Guide600 × 600 ,https://encrypted-tbn0.gstatic.com/images?q=tbn:ANd9GcRm5EJFY5afZczVF5RPEqe6eZJEbhcrM695bpxjuRYF1BDwZbFcIsHSkCQ4vg,www.producemarketguide.com
Microwave Broccoli ,https://encrypted-tbn0.gstatic.com/images?q=tbn:ANd9GcS30rJKq9W99RLN1Yx0W1nOot14Ko9GCR0cyj0A7THGxqJmGSe0gHv-bf90,healthyrecipesblogs.com
How to Steam Broccoli in the Microwave ,https://encrypted-tbn0.gstatic.com/images?q=tbn:ANd9GcSrj7xNHQDFXO8-tQjNkRVaHGN-js6UoCIZ-1PkcnIu8HUnEGfVA85K2zc,bakingmischief.com
How to Make Crispy Air Fryer Roasted Broccoli · i am a food blog i ...1450 × 1812 ,https://encrypted-tbn0.gstatic.com/images?q=tbn:ANd9GcRuIbgDWy-7tOn69UAZMiunlEgjFTJB7tIoHYYcVsFrLM8Jl30PdNKPRtY,iamafoodblog.com
"Spinach: Nutrition, health benefits, and diet1100 × 825 ",https://encrypted-tbn0.gstatic.com/images?q=tbn:ANd9GcQqsoq63oYDGfYwEkj0rpDyMNKlFR4u0Ql16Vlf3c5X2aqRK0mmQyvFIcdF,www.medicalnewstoday.com
"Spinach: Health Benefits, Nutrition Facts (& Popeye) | Live Science320 × 264 ",https://encrypted-tbn0.gstatic.com/images?q=tbn:ANd9GcSK-DdTJRXYc10DM_e03tkJWxjU4Rmjbye8o2QOOBt31E-WgUKvM_kgUw,www.livescience.com
Fried Spinach with Garlic recipe – All recipes Australia NZ960 × 960 ,https://encrypted-tbn0.gstatic.com/images?q=tbn:ANd9GcROFumgZILj-ebXjxZiro_5_YuHzlcMHMgolldWtzwqaraaNwvJHFH49FY6,allrecipes.com.au
15 Impressive Benefits of Spinach | Organic Facts700 × 525 ,https://encrypted-tbn0.gstatic.com/images?q=tbn:ANd9GcTsC_xRdiuRQ0Sz9v4wgxsvSGBoteUH14s9yGnuq8lG7Ej6j0r9GBbd8Tuz,www.organicfacts.net
Sautéed Garlic Spinach | Our Best Bites1050 × 1050 ,https://encrypted-tbn0.gstatic.com/images?q=tbn:ANd9GcRRVcTydOJzZrbKJs9iXasd9uE1jg6mLc9H4p8_57G5BYJsy9kyXugjZejocg,ourbestbites.com
Spinach Dip | The Cozy Apron600 × 900 ,https://encrypted-tbn0.gstatic.com/images?q=tbn:ANd9GcT-ExSYgzhxZnVSVIGsNdYQ3eap1XxDcpvA-fFv2juXEFIQJEf0SqzdUWTa,thecozyapron.com
"Spinach recall: Why it's vulnerable to salmonella, other bacteria2947 × 1680 ",https://encrypted-tbn0.gstatic.com/images?q=tbn:ANd9GcTqe89p0bmy06_hvSpDE4Rxu_K9uNUVw2HCGCCNxPYR8yo_z7xxiT3Zi4Q,www.usatoday.com
Spinach with Sesame and Garlic Recipe | SimplyRecipes.com1600 × 1072 ,https://encrypted-tbn0.gstatic.com/images?q=tbn:ANd9GcTQaC-Ip8jHAqmWH3_8BkqNljUSJ-x-CN3mE1Bz4o6DFEOhObtQpLdRbN9-,www.simplyrecipes.com
Spinach 101: Nutrition Facts and Health Benefits1155 × 648 ,https://encrypted-tbn0.gstatic.com/images?q=tbn:ANd9GcQk3xgQoRfUsUk4THbBB3YTI_XLl3DPxpt2O7lAqq7ahpKX5rtHSgyB2ZZX,www.healthline.com
"Spinach: Nutrition, health benefits, and diet1100 × 826 ",https://encrypted-tbn0.gstatic.com/images?q=tbn:ANd9GcQYywHpJ3agm67mJ2kw8plrVoFWedUMLLIvK9FzUyZX5Kme5qHt4xgKnZk,www.medicalnewstoday.com
"10 Health Benefits of Spinach: Nutrition Tips, Value & Facts500 × 500 ",https://encrypted-tbn0.gstatic.com/images?q=tbn:ANd9GcQMpp8SX8npTMPDtsKXTSpp1e-2rgTnE604pSQhKLiax161RrOwDzuSaKlF,www.kayawell.com
Space ,https://encrypted-tbn0.gstatic.com/images?q=tbn:ANd9GcSijOr7rxXGFBXseyUNv-D1YL-Z0Zxk_hY55U8iCR12yJ_JTtfW0kd_-e0,www.johnnyseeds.com
"Bonnie Spinach: Dark Color, Year Round Grower600 × 600 ",https://encrypted-tbn0.gstatic.com/images?q=tbn:ANd9GcSndPo_zBlluysR40lZ73CcREsr9PaoZKEk9dJxKcR7EUcBIjJAY9S6egcS,bonnieplants.com
Sautéed Spinach Recipe ,https://encrypted-tbn0.gstatic.com/images?q=tbn:ANd9GcSHzY4VPGY7cbhc_9tR2Tlgc3-aIblTcDOnCUJCouUnehbkFbIrg5WtO3EQ,cooking.nytimes.com
Easy Sautéed Spinach Recipe | SimplyRecipes.com640 × 427 ,https://encrypted-tbn0.gstatic.com/images?q=tbn:ANd9GcRduUznWk75ucSIkFWKhXWyWZFxkMNiuayvJw3iY4BxvlB6N_7iEDmOVTrX,www.simplyrecipes.com
Nutrition Face,https://encrypted-tbn0.gstatic.com/images?q=tbn:ANd9GcQ8-kGze5177CHXBtlERj26HhqB4hEPcH1Plk9jWNQ6O6MkK_FJSyS8CclI,www.vegetariantimes.com
Spinach recipes | BBC Good Food500 × 454 ,https://encrypted-tbn0.gstatic.com/images?q=tbn:ANd9GcR4iNW0wEFobMCBoUu7vzi3N7YizhetHucno0oYh-dUmO0o70T6HPMqqNA,www.bbcgoodfood.com
Spinach side dish (Sigeumchi,https://encrypted-tbn0.gstatic.com/images?q=tbn:ANd9GcSOjWv_6TDwNEBpJIHJU_pB0B1Sr9jWKOZLApuxyoGesG2tshHXEzhUVdHy,www.maangchi.com
Health Benefits of Spinach & Broccoli – Recipes with More2048 × 1536 ,https://encrypted-tbn0.gstatic.com/images?q=tbn:ANd9GcRqq-D-MaOS7XCGxhwB-n2X-Q5GpFufPni0pEsEsM0nG2n5BomNvYTJRF4,www.recipeswithmore.com
Top 10 Health Benefits of Spinach • Health Fitness Revolution693 × 506 ,https://encrypted-tbn0.gstatic.com/images?q=tbn:ANd9GcS8H-OqfwRkb-D1I7qUqUj1zox9uFqHXrqRL2hTeqMz_IFYKwyiTOebRlo,www.healthfitnessrevolution.com
Perfect Roasted Asparagus Recipe ,https://encrypted-tbn0.gstatic.com/images?q=tbn:ANd9GcRy99LuqoTXSa9YotpMyK_mFKEQ4LVV-_bpvuQ810SlVNBvUdeYByP0bO4,cookieandkate.com
How to Cook Asparagus (6 Easy Methods) ,https://encrypted-tbn0.gstatic.com/images?q=tbn:ANd9GcTNJA33YY6dyNv6YvgHvxrppkLAkOlXd_merGUnbYXIzICWGRbLBY_k65yWCw,www.jessicagavin.com
How to Roast Asparagus (5 Ingredients) | Healthy Nibbles800 × 800 ,https://encrypted-tbn0.gstatic.com/images?q=tbn:ANd9GcR9TSB5SryKDgwogUVnpO6QWonJBasETW7p2p7UnHUHZqiH6LlqtDxyhR_25A,healthynibblesandbits.com
Best Oven Roasted Asparagus Recipe ,https://encrypted-tbn0.gstatic.com/images?q=tbn:ANd9GcTGK4USNrWXI1ku8KWrVcGEpHn94geRzxxm3sCCEuz8LvNg7fAh2Xcd3q0,www.delish.com
"Easy Blanched Asparagus with Cayenne, Lemon, and Garlic1240 × 1900 ",https://encrypted-tbn0.gstatic.com/images?q=tbn:ANd9GcRb5u2sE9h54FkvWhcfnNR72nK6yL5Jo9wbvwd5nIn6K90RZtnjGaax1rne,peasandcrayons.com
Easy Roasted Asparagus. Light and Delicious! | SimplyRecipes.com1600 × 1067 ,https://encrypted-tbn0.gstatic.com/images?q=tbn:ANd9GcTq9MWALi3iUSdjBdTqrynXM6b4rsDmeNZsPsDZKkqMjAuyiog0PevNgTUV,www.simplyrecipes.com
How To Cook Asparagus in the Oven ,https://encrypted-tbn0.gstatic.com/images?q=tbn:ANd9GcReQNiDqi-yDjxBw1tfxCSHIrH7zc2_8bFear8NanCtdSLmd30x2u1RA360,www.wholesomeyum.com
Roasted Asparagus550 × 825 ,https://encrypted-tbn0.gstatic.com/images?q=tbn:ANd9GcS69P-NiPO4EVpNS0FCNFUPU_v4MT49JPJrtqpXBxjNP6ZZ94Ma_mDWR09m,www.skinnytaste.com
The Best Way to Boil Asparagus | SimplyRecipes.com2000 × 1333 ,https://encrypted-tbn0.gstatic.com/images?q=tbn:ANd9GcR0EYkg6P6NZ6JG15O5gQ10Ew7qF58_PNYc_Su3ZtGok-G7fDO_7-26nr9w,www.simplyrecipes.com
Perfect Roasted Asparagus550 × 825 ,https://encrypted-tbn0.gstatic.com/images?q=tbn:ANd9GcRSJjXacpTK_LaHKM1Z0hG4LmWI8GdifwJiIZ7y7hz6lxW5I0RBCr-yGeU,thestayathomechef.com
Sauteed Asparagus (Cooked in 8 Mins!!) ,https://encrypted-tbn0.gstatic.com/images?q=tbn:ANd9GcS6EUzCCNiSjGsxKKg5Sd_gxbBJ9Qq3Nn8nl3Yt2VI0LJIi3Mp-MyLN6kqo,rasamalaysia.com
4 Ingredient Roasted Asparagus ,https://encrypted-tbn0.gstatic.com/images?q=tbn:ANd9GcS7870WP70juewkbijEqRqdOJtLYqwQJWHz9lFqQ0t5qztTlOWDUvLKMgFX,ifoodreal.com
How to Cook Asparagus (6 Easy Methods) ,https://encrypted-tbn0.gstatic.com/images?q=tbn:ANd9GcSntUnX2twLWnjfLLOpdC6HCG6r5XiVQT6oWNSWRuiSEwvo0kRwNSbNl8Kc,www.jessicagavin.com
How To Grill Even Better Asparagus | Kitchn3003 × 2002 ,https://encrypted-tbn0.gstatic.com/images?q=tbn:ANd9GcQrooqlte4wnVloHpnIGikwqqe6RDl48YlWnA8AhL4EYKnIqdgem4U2LZou,www.thekitchn.com
Easy and Perfect Tender Asparagus Recipe1414 × 1414 ,https://encrypted-tbn0.gstatic.com/images?q=tbn:ANd9GcRqeXnuUIdIsGhsK-EG5Gi1Qrgk5dmiFCthzzGSyMOXqrwM4JAx5XtAYsKvTg,www.thespruceeats.com
Roasted Asparagus Recipe | Ina Garten | Food Network826 × 620 ,https://encrypted-tbn0.gstatic.com/images?q=tbn:ANd9GcRDWipW0HvtVFLrQEHO1I3Cr8U5RNZnEMscIand7Zx0RWco9XJxkKih08E,www.foodnetwork.com
Easy Roasted Asparagus Recipe480 × 360 ,https://encrypted-tbn0.gstatic.com/images?q=tbn:ANd9GcQwzdSxyU3p-sSPtJAOgvP-R2DSA-d3k1nrvlklbRW-iITcNde7nYDUlGjc,shewearsmanyhats.com
Instant Pot Asparagus | Tested by Amy + Jacky1600 × 1022 ,https://encrypted-tbn0.gstatic.com/images?q=tbn:ANd9GcSfIU7k0XBnq4YqlYsCBSTyW6t7CLEkH4VEf56T_WDdbw3JrLbKSx-o6HM,www.pressurecookrecipes.com
Roasted Asparagus {with Parmesan!} | Chelsea's Messy Apron800 × 1200 ,https://encrypted-tbn0.gstatic.com/images?q=tbn:ANd9GcTdNdAdMsLKm58hn0xOADZ2o6Qz3AyTYTGF6PUTqb355_LQRXOw-1gBgdc,www.chelseasmessyapron.com
Roasted Asparagus | Gimme Some Oven565 × 377 ,https://encrypted-tbn0.gstatic.com/images?q=tbn:ANd9GcQlLtREq74PCv_lNOtjLqWPmrpsJ-2ziEWjoxJ-IwvXgWzVvhj6pXLYXDw,www.gimmesomeoven.com
